January,31,17,43,48,28,15,26,42,35,44,60,53,58,51,33,35,43,55,40,19,26,49,43,55,24,34,46,34,54,46,65
February,57,28,20,36,47,51,55,61,57,52,54,30,32,50,68,66,33,37,35,57,69,35,20,20,27,43,55,66
March,77,84,58,74,76,43,31,43,41,30,33,37,65,62,64,74,77,47,63,77,67,60,40,42,57,55,49,55,73,55,40
April,60,63,69,61,71,62,47,52,64,80,67,86,64,61,60,55,47,57,58,59,76,82,76,68,61,67,77,74,77,62
May,71,55,55,53,61,65,74,76,91,91,92,93,83,88,77,80,84,84,83,77,64,69,69,62,71,68,79,86,88,85,77
June,70,76,82,77,79,86,84,79,81,85,89,91,97,93,91,94,95,94,93,93,97,83,82,85,92,78,81,85,89,90
July,86,80,89,93,94,89,89,88,86,90,93,85,91,96,98,87,87,90,98,90,97,99,101,90,72,74,89,83,80,84,90
August,96,100,88,93,96,100,98,84,87,89,91,94,98,92,87,71,84,86,80,85,85,86,86,90,92,92,95,89,92,87,89
September,91,89,87,84,79,85,86,87,89,70,76,84,89,89,85,81,92,96,99,99,85,66,67,90,80,76,83,73,74,76
October,78,80,82,83,83,84,62,66,78,82,83,73,66,75,72,66,52,47,58,79,88,83,87,76,57,65,64,69,69,68,71
November,80,76,77,70,57,65,58,67,72,74,38,30,42,44,39,35,45,28,36,50,57,63,60,60,56,54,47,57,60,38
December,51,61,34,47,54,45,51,49,48,43,39,44,58,42,35,33,33,37,40,34,35,26,11,20,28,36,40,59,68,48,63