County,Seat,Population  
Allen,Iola,12526
Anderson,Garnett,7836
Atchison,Atchison,16348
Barber,Medicine Lodge,4228
Barton,Great Bend,25493
Bourbon,Fort Scott,14360
Brown,Hiawatha,9508
Butler,El Dorado,67380
Chase,Cottonwood Falls,2572
Chautauqua,Sedan,3379
Cherokee,Columbus,19362
Cheyenne,St. Francis,2616
Clark,Ashland,1991
Clay,Clay Center,8117
Cloud,Concordia,9032
Coffey,Burlington,8360
Comanche,Coldwater,1689
Cowley,Winfield,34549
Crawford,Girard,38972
Decatur,Oberlin,2764
Dickinson,Abilene,18402
Doniphan,Troy,7510
Douglas,Lawrence,118785
Edwards,Kinsley,2907
Elk,Howard,2483
Ellis,Hays,28934
Ellsworth,Ellsworth,6376
Finney,Garden City,38470
Ford,Dodge City,34287
Franklin,Ottawa,25996
Geary,Junction City,36739
Gove,Gove,2718
Graham,Hill City,2415
Grant,Ulysses,7352
Gray,Cimarron,5653
Greeley,Tribune,1284
Greenwood,Eureka,6016
Hamilton,Syracuse,2518
Harper,Anthony,5485
Harvey,Newton,34024
Haskell,Sublette,3780
Hodgeman,Jetmore,1723
Jackson,Holton,13232
Jefferson,Oskaloosa,18368
Jewell,Mankato,2932
Johnson,Olathe,609863
Kearny,Lakin,3983
Kingman,Kingman,7470
Kiowa,Greensburg,2460
Labette,Oswego,20184
Lane,Dighton,1574
Leavenworth,Leavenworth,81881
Lincoln,Lincoln,2939
Linn,Mound City,9591
Logan,Oakley,2762
Lyon,Emporia,32179
McPherson,Marion,30223
Marion,Marysville,11823
Marshall,McPherson,10038
Meade,Meade,4055
Miami,Paola,34191
Mitchell,Beloit,5796
Montgomery,Independence,31486
Morris,Council Grove,5386
Morton,Elkhart,2701
Nemaha,Seneca,10273
Neosho,Erie,15904
Ness,Ness City,2687
Norton,Norton,5459
Osage,Lyndon,15766
Osborne,Osborne,3500
Ottawa,Minneapolis,5735
Pawnee,Larned,6253
Phillips,Phillipsburg,4981
Pottawatomie,Westmoreland,25348
Pratt,Pratt,9157
Rawlins,Atwood,2561
Reno,Hutchinson,61898
Republic,Belleville,4674
Rice,Lyons,9427
Riley,Manhattan,71959
Rooks,Stockton,4919
Rush,LaCrosse,2956
Russell,Russell,6691
Saline,Salina,54303
Scott,Scott City,5151
Sedgwick,Wichita,523824
Seward,Liberal,21964
Shawnee,Topeka,178909
Sheridan,Hoxie,2447
Sherman,Goodland,5927
Smith,Smith Center,3570
Stafford,St. John,4072
Stanton,Johnson City,2084
Stevens,Hugoton,5250
Sumner,Wellington,22382
Thomas,Colby,7930
Trego,WaKeeney,2808
Wabaunsee,Alma,6877
Wallace,Sharon Springs,1512
Washington,Washington,5530
Wichita,Leoti,2152
Wilson,Fredonia,8624
Woodson,Yates Center,3115
Wyandotte,Kansas City,169245